﻿<?xml version="1.0" encoding="utf-8" ?>

<TargetPlatform>
  <TaskPriorityDirection>HigherNumberIsMoreImportant</TaskPriorityDirection>
  <KernelServiceGroups>
    <KernelServiceGroup name="Queue">      
      <KernelService name="xQueueCreate"            operation="Initialize" parameters="ObjectAndNumericParameter"/>
      <KernelService name="xQueueSend"              operation="Enqueue" />
      <KernelService name="xQueueSendToFront"       operation="EnqueueFirst" />
      <KernelService name="xQueueReceive"           operation="Dequeue" parameters="ObjectAndNumericParameter"/>
      <KernelService name="xQueueSendFromISR"       operation="Enqueue" isrOnly="true"/>
      <KernelService name="xQueueSendToFrontFromISR" operation="EnqueueFirst" isrOnly="true"/>
      <KernelService name="xQueueReceiveFromISR"    operation="Dequeue" isrOnly="true"/>
      <KernelService name="xQueuePeek"              operation="OtherRead" parameters="ObjectAndNumericParameter"/>
      <KernelService name="vQueueDelete"            operation="Deinitialize"/>      
    </KernelServiceGroup>
    
    <KernelServiceGroup name="Semaphore">
      <KernelService name="vSemaphoreCreateBinary"  operation="Initialize"/>
      <KernelService name="xSemaphoreCreateCounting" operation="Initialize" parameters="ObjectAndNumericParameter"/>
      <KernelService name="xSemaphoreGive"          operation="IncreaseSemaphore"/>
      <KernelService name="xSemaphoreTake"          operation="DecreaseSemaphore" parameters="ObjectAndNumericParameter"/>
      <KernelService name="xSemaphoreGiveFromISR"   operation="IncreaseSemaphore" isrOnly="true"/>
      <KernelService name="xSemaphoreTakeFromISR"   operation="DecreaseSemaphore" isrOnly="true"/>
      <KernelService name="xQueuePeek"              operation="OtherRead" parameters="ObjectAndNumericParameter"/>
      <KernelService name="vSemaphoreDelete"            operation="Deinitialize"/>      
    </KernelServiceGroup>
    
    <KernelServiceGroup name="Mutex">
      <KernelService name="xSemaphoreCreateMutex"   operation="Initialize"/>
      <KernelService name="xSemaphoreCreateRecursiveMutex" operation="Initialize"/>
      <KernelService name="xSemaphoreGive" operation="ReleaseMutex"/>
      <KernelService name="xSemaphoreTake" operation="LockMutex" parameters="ObjectAndNumericParameter"/>
      <KernelService name="xSemaphoreGiveRecursive" operation="OtherWrite"/>
      <KernelService name="xSemaphoreTakeRecursive" operation="OtherRead" parameters="ObjectAndNumericParameter"/>
      <KernelService name="xQueuePeek"              operation="OtherRead"/>
      <KernelService name="vSemaphoreDelete"            operation="Deinitialize"/>
    </KernelServiceGroup>

    <KernelServiceGroup name="Task">
      <KernelService name="xTaskCreate"             operation="StartInstance" parameters="ObjectAndNumericParameter"/>
      <KernelService name="vTaskDelayUntil"         operation="Delay"               parameters="NumericParameterOnly"/>
      <KernelService name="vTaskDelay"              operation="Delay"               parameters="NumericParameterOnly" />
      <KernelService name="vTaskSuspend"            operation=""/>
      <KernelService name="vTaskResume"             operation="StartInstance"/>
      <KernelService name="vTaskResumeFromISR"      operation="StartInstance"  isrOnly="true"/>
      <KernelService name="vTaskPrioritySet"        operation="ChangePriority"      parameters="ObjectAndNumericParameter"/>
      <KernelService name="vTaskDelete"             operation="Deinitialize"/>
    </KernelServiceGroup>

    <KernelServiceGroup name="Timer">
      <KernelService name="xTimerCreate"            operation="Initialize" parameters="ObjectAndNumericParameter"/>
      <KernelService name="xTimerDelete"            operation="Deinitialize"/>
      <KernelService name="xTimerStart"             operation="StartInstance"/>
      <KernelService name="xTimerReset"             operation="StartInstance"/>
      <KernelService name="xTimerStartFromISR"      operation="StartInstance" isrOnly="true"/>
      <KernelService name="xTimerResetFromISR"      operation="StartInstance" isrOnly="true"/>      
      <KernelService name="xTimerStop"              operation=""/>
      <KernelService name="xTimerStopFromISR"       operation=""              isrOnly="true"/>
      <KernelService name="xTimerChangePeriod"      operation="" parameters="ObjectAndNumericParameter"/>
      <KernelService name="xTimerChangePeriodFromISR" operation="" parameters="ObjectAndNumericParameter"/>
      <KernelService name="xTimerPendFunctionCall"  operation="" parameters="NumericParameterOnly"/>
      <KernelService name="xTimerPendFunctionCallFromISR" operation="" parameters="NumericParameterOnly" isrOnly="true"/>

    </KernelServiceGroup>
  
    <KernelServiceGroup name="EventGroup">
      <KernelService name="xEventGroupCreate" operation="Initialize"/>
      <KernelService name="xEventGroupSync" operation="OtherRead" parameters="ObjectAndNumericParameter"/>      
      <KernelService name="xEventGroupWaitBits" operation="OtherRead" parameters="ObjectAndNumericParameter"/>
      <KernelService name="xEventGroupClearBits" operation="OtherWrite" parameters="ObjectAndNumericParameter"/>
      <KernelService name="xEventGroupClearBitsFromISR" operation="OtherWrite" parameters="ObjectAndNumericParameter" isrOnly="true"/>
      <KernelService name="xEventGroupSetBits" operation="OtherWrite" parameters="ObjectAndNumericParameter"/>
      <KernelService name="xEventGroupDelete" operation="Deinitialize"/>
      <KernelService name="xEventGroupSetBitsFromISR" operation="OtherWrite" parameters="ObjectAndNumericParameter" isrOnly="true"/>
    </KernelServiceGroup>

    <KernelServiceGroup name="TaskNotify">
      <KernelService name="xTaskNotify" operation="OtherWrite"/>
      <KernelService name="ulTaskNotifyTake" operation="OtherRead" parameters="ObjectAndNumericParameter"/>
      <KernelService name="xTaskNotifyWait" operation="OtherRead" parameters="ObjectAndNumericParameter"/>
      <KernelService name="xTaskNotifyFromISR" operation="OtherWrite" isrOnly="true"/>
      <KernelService name="vTaskNotifyGiveFromISR" operation="OtherWrite" isrOnly="true"/>
    </KernelServiceGroup>

    <KernelServiceGroup name="Heap">
      <KernelService name="malloc" operation="AllocateMemory" parameters="NumericParameterOnly">
        <Parameter name="size" format="{0}"/>
        <ReturnValue name="ptr" format=" returned 0x{0:X8}"/>
       </KernelService>
       <KernelService name="free" operation="FreeMemory" parameters="NumericParameterOnly">
         <Parameter name="ptr" format="0x{0:X8}"/>
         <ReturnValue name="size" format=" released {0} bytes"/>
       </KernelService>
    </KernelServiceGroup>
    
  </KernelServiceGroups>

  <ObjectClasses>
    <ObjectClass name="Queue" type="Queue"/>
    <ObjectClass name="Semaphore" type="Semaphore"/>
    <ObjectClass name="Mutex" type="Mutex"/>
    <ObjectClass name="Task" type="Actor"/>
    <ObjectClass name="ISR" type="Actor"/>
    <ObjectClass name="Timer" type="Other"/>
    <ObjectClass name="EventGroup" type="Other"/>
    <ObjectClass name="Heap" type="Heap" options="NoIpcGraph"/>
  </ObjectClasses>
</TargetPlatform>