﻿<?xml version="1.0"	encoding="utf-8"	?>

<!-- FreeRTOS event codes for Percepio Streaming Format (PSF) -->

<CodeTables>
	<EventCodeTable>
	
		<!-- REQUIRED EVENTS - ALWAYS RECORDED -->
	
		<!-- Core PSF events -->
		<Event code="0x01"	type="TraceStart"/>
		<Event code="0x02"	type="TSConfig"/>
		<Event code="0x03"	type="ObjName"/>		
		
		<!-- Task priority changes -->
		<Event code="0x04"	type="TaskPrioritySet"	class="3"	status="StatusOK"	service="Task/vTaskPrioritySet" stateOffset="1"/>
		<Event code="0x05"	type="TaskPriorityInherit" stateOffset="1"/>
		<Event code="0x06"	type="TaskPriorityDisinherit" stateOffset="1"/>
    <Event code="0x07"	type="ISRProperties"/>

    <!-- Object data event. Not currently used. -->
    <Event code="0x08"	type="ObjData"/>

    <!-- Create Successful -->
    <Event code="0x10"	service="Task/xTaskCreate"					class="3"	status="StatusOK" stateOffset="1" />
    <Event code="0x11"	service="Queue/xQueueCreate"				class="0"	status="StatusOK"/>
		<Event code="0x12"	service="Semaphore/vSemaphoreCreateBinary"	class="1"	status="StatusOK" />
		<Event code="0x13"	service="Mutex/xSemaphoreCreateMutex"			class="2"	status="StatusOK"/>
		<Event code="0x14"	service="Timer/xTimerCreate"				class="4"	status="StatusOK"/>
		<Event code="0x15"	service="EventGroup/xEventGroupCreate"		class="5"	status="StatusOK"/>
    <Event code="0x16"	service="Semaphore/xSemaphoreCreateCounting"	class="1"	status="StatusOK" stateOffset="1"/>
    <Event code="0x17"	service="Mutex/xSemaphoreCreateRecursiveMutex"			class="2"	status="StatusOK"/>
						
		<!-- Delete/Close -->
    <Event code="0x20"	service="Task/vTaskDelete"					class="3"	status="StatusOK" stateOffset="1"/>
    <Event code="0x21"	service="Queue/vQueueDelete"				class="0"	status="StatusOK" stateOffset="1"/>
    <Event code="0x22"	service="Semaphore/vSemaphoreDelete"			class="1"	status="StatusOK" stateOffset="1"/>
    <Event code="0x23"	service="Mutex/vSemaphoreDelete"				class="2"	status="StatusOK" stateOffset="1"/>
		<Event code="0x24"	service="Timer/xTimerDelete"				class="4"	status="StatusOK"/>
		<Event code="0x25"	service="EventGroup/xEventGroupDelete"		class="5"	status="StatusOK"/>
		
				
		<!-- NORMAL EVENTS - RECORDED ONLY IF RECORDER ENABLED -->
				
		<!-- Task scheduling and interrupt tracing -->
		<Event code="0x30"	type="TaskReady"/>
		<Event code="0x31"	type="NewTime"/>
		<Event code="0x32"	type="NewTimeSchedulerSuspended"/>
		<Event code="0x33"	type="ISRBegin"/>
		<Event code="0x34"	type="ISRResume"/>
		<Event code="0x35"	type="TSBegin"/>
		<Event code="0x36"	type="TSResume"/>
    <Event code="0x37"	type="TSActivate"/>

    <!-- Dynamic memory allocation -->
    <Event code="0x38"	type="MallocAddr"	service="Heap/malloc"	status="StatusOK"/>
    <Event code="0x39"	type="FreeAddr"		service="Heap/free"		status="StatusOK"/>

    <!-- Low power mode handling -->
    <Event code="0x3A"	type="LowPowerBegin"/>
    <Event code="0x3B"	type="LowPowerEnd"/>

    <!-- Task Instances Finish -->
    <Event code="0x3C"	type="TaskInstanceFinishedNextKSE"	class="3"/>
    <Event code="0x3D"	type="TaskInstanceFinishedDirect"	class="3"/>

		<!-- Create Failed -->
    <Event code="0x40"	service="Task/xTaskCreate"					class="3"	status="StatusError"/>
    <Event code="0x41"	service="Queue/xQueueCreate"				class="0"	status="StatusError"/>
    <Event code="0x42"	service="Semaphore/vSemaphoreCreateBinary"	class="1"	status="StatusError"/>
    <Event code="0x43"	service="Mutex/xSemaphoreCreateMutex"			class="2"	status="StatusError"/>
		<Event code="0x44"	service="Timer/xTimerCreate"				class="4"	status="StatusError"/>		
		<Event code="0x45"	service="EventGroup/xEventGroupCreate"		class="5"	status="StatusError"/>
    <Event code="0x46"	service="Semaphore/xSemaphoreCreateCounting"	class="1"	status="StatusError"/>
    <Event code="0x47"	service="Mutex/xSemaphoreCreateRecursiveMutex"			class="2"	status="StatusError"/>
			
		<!-- Special case - Only TIMER has a failed delete (failed to send Delete command) -->
		<Event code="0x48"	service="Timer/xTimerDelete"				class="4"	status="StatusError"/>

		<!-- Send Successful -->
		<Event code="0x50"	service="Queue/xQueueSend"					class="0"	status="StatusOK" stateOffset="1"/>
		<Event code="0x51"	service="Semaphore/xSemaphoreGive"			class="1"	status="StatusOK" stateOffset="1"/>
		<Event code="0x52"	service="Mutex/xSemaphoreGive"		class="2"	status="StatusOK"/>
    <Event code="0xC0"	service="Queue/xQueueSendToFront"					class="0"	status="StatusOK" stateOffset="1"/>
    <Event code="0xC5"	service="Mutex/xSemaphoreGiveRecursive"		class="2"	status="StatusOK"/>

    <!-- Send Failed -->
		<Event code="0x53"	service="Queue/xQueueSend"					class="0"	status="StatusTimeout" stateOffset="1"/>
		<Event code="0x54"	service="Semaphore/xSemaphoreGive"			class="1"	status="StatusTimeout" stateOffset="1"/>
    <Event code="0x55"	service="Mutex/xSemaphoreGive"		class="2"	status="StatusTimeout"/>
    <Event code="0xC1"	service="Queue/xQueueSendToFront"					class="0"	status="StatusTimeout" stateOffset="1"/>
    <Event code="0xC6"	service="Mutex/xSemaphoreGiveRecursive"		class="2"	status="StatusTimeout"/>

		<!-- Block on Send -->
		<Event code="0x56"	service="Queue/xQueueSend"					class="0"	status="StatusBlocks" stateOffset="1"/>
		<Event code="0x57"	service="Semaphore/xSemaphoreGive"			class="1"	status="StatusBlocks" stateOffset="1"/>
		<Event code="0x58"	service="Mutex/xSemaphoreGive"		class="2"	status="StatusBlocks"/>
    <Event code="0xC2"	service="Queue/xQueueSendToFront"					class="0"	status="StatusBlocks" stateOffset="1"/>
				
		<!-- Send Successful from ISR -->
		<Event code="0x59"	service="Queue/xQueueSendFromISR"			class="0"	status="StatusOK" stateOffset="1"/>
		<Event code="0x5A"	service="Semaphore/xSemaphoreGiveFromISR"	class="1"	status="StatusOK" stateOffset="1"/>
    <Event code="0xC3"	service="Queue/xQueueSendToFrontFromISR"					class="0"	status="StatusOK" stateOffset="1"/>
		
		<!-- Send Failed from ISR -->
		<Event code="0x5C"	service="Queue/xQueueSendFromISR"			class="0"	status="StatusTimeout" stateOffset="1"/>
		<Event code="0x5D"	service="Semaphore/xSemaphoreGiveFromISR"	class="1"	status="StatusTimeout" stateOffset="1"/>
    <Event code="0xC4"	service="Queue/xQueueSendToFrontFromISR"					class="0"	status="StatusTimeout" stateOffset="1"/>
		
		<!-- Receive Successful -->
		<Event code="0x60"	service="Queue/xQueueReceive"				class="0"	status="StatusOK" stateOffset="2"/>
		<Event code="0x61"	service="Semaphore/xSemaphoreTake"			class="1"	status="StatusOK" stateOffset="2"/>
		<Event code="0x62"	service="Mutex/xSemaphoreTake"		class="2"	status="StatusOK"/>
    <Event code="0xC7"	service="Mutex/xSemaphoreTakeRecursive"		class="2"	status="StatusOK"/>

		<!-- Receive Failed -->
		<Event code="0x63"	service="Queue/xQueueReceive"				class="0"	status="StatusTimeout" stateOffset="2"/>
		<Event code="0x64"	service="Semaphore/xSemaphoreTake"			class="1"	status="StatusTimeout" stateOffset="2"/>
		<Event code="0x65"	service="Mutex/xSemaphoreTake"		class="2"	status="StatusTimeout"/>
    <Event code="0xC8"	service="Mutex/xSemaphoreTakeRecursive"		class="2"	status="StatusTimeout"/>
				
		<!-- Receive Block -->
		<Event code="0x66"	service="Queue/xQueueReceive"				class="0"	status="StatusBlocks" stateOffset="2"/>
		<Event code="0x67"	service="Semaphore/xSemaphoreTake"			class="1"	status="StatusBlocks" stateOffset="2"/>
		<Event code="0x68"	service="Mutex/xSemaphoreTake"		class="2"	status="StatusBlocks"/>
		
		<!-- Receive Successful from ISR -->
		<Event code="0x69"	service="Queue/xQueueReceiveFromISR"		class="0"	status="StatusOK" stateOffset="1"/>
		<Event code="0x6A"	service="Semaphore/xSemaphoreTakeFromISR"	class="1"	status="StatusOK" stateOffset="1"/>
				
		<!-- Receive Failed from ISR -->		
		<Event code="0x6C"	service="Queue/xQueueReceiveFromISR"		class="0"	status="StatusTimeout" stateOffset="1"/>
		<Event code="0x6D"	service="Semaphore/xSemaphoreTakeFromISR"	class="1"	status="StatusTimeout" stateOffset="1"/>
		
		<!-- Peek -->		
		<Event code="0x70"	service="Queue/xQueuePeek"					class="0"	status="StatusOK" stateOffset="2"/>
		<Event code="0x71"	service="Semaphore/xQueuePeek"				class="1"	status="StatusOK" stateOffset="2"/> 
		<Event code="0x72"	service="Mutex/xQueuePeek"					class="2"	status="StatusOK"/>
    
    <!-- Peek Failed -->
    <Event code="0x73"	service="Queue/xQueuePeek"					class="0"	status="StatusTimeout" stateOffset="2"/>
    <Event code="0x74"	service="Semaphore/xQueuePeek"				class="1"	status="StatusTimeout" stateOffset="2"/>
    <Event code="0x75"	service="Mutex/xQueuePeek"					class="2"	status="StatusTimeout"/>

    <!-- Peek Block -->
    <Event code="0x76"	service="Queue/xQueuePeek"					class="0"	status="StatusBlocks" stateOffset="2"/>
    <Event code="0x77"	service="Semaphore/xQueuePeek"				class="1"	status="StatusBlocks" stateOffset="2"/>
    <Event code="0x78"	service="Mutex/xQueuePeek"					class="2"	status="StatusBlocks"/>
    
    <!-- Other TASK events -->		
		<Event code="0x79"	service="Task/vTaskDelayUntil"		status="StatusOK"/>
		<Event code="0x7A"	service="Task/vTaskDelay"			status="StatusOK"/>
		<Event code="0x7B"	service="Task/vTaskSuspend"			status="StatusOK"	class="3"/>
		<Event code="0x7C"	service="Task/vTaskResume"			status="StatusOK"	class="3"/>
		<Event code="0x7D"	service="Task/vTaskResumeFromISR"	status="StatusOK"	class="3"/>
		
		<!-- Pended function calls (delegated to Timer task) -->
		<Event code="0x80"	service="Timer/xTimerPendFunctionCall"			class="4"	status="StatusOK"/>
		<Event code="0x81"	service="Timer/xTimerPendFunctionCallFromISR"	class="4"	status="StatusOK"/>
		<Event code="0x82"	service="Timer/xTimerPendFunctionCall"			class="4"	status="StatusError"/>
		<Event code="0x83"	service="Timer/xTimerPendFunctionCallFromISR"	class="4"	status="StatusError"/>

		<!-- User events (type indicates number of parameters) -->
		<Event code="0x90"	type="UserEvent" />
		<Event code="0x91"	type="UserEvent" />
		<Event code="0x92"	type="UserEvent" />
		<Event code="0x93"	type="UserEvent" />
		<Event code="0x94"	type="UserEvent" />
		<Event code="0x95"	type="UserEvent" />
		<Event code="0x96"	type="UserEvent" />
		<Event code="0x97"	type="UserEvent" />
				
		<!-- Timer events -->		
		<Event code="0xA0"	service="Timer/xTimerStart"					class="4"	status="StatusOK"/>
		<Event code="0xA1"	service="Timer/xTimerReset"					class="4"	status="StatusOK"/>
		<Event code="0xA2"	service="Timer/xTimerStop"					class="4"	status="StatusOK"/>
		<Event code="0xA3"	service="Timer/xTimerChangePeriod"			class="4"	status="StatusOK"/>				
		<Event code="0xA4"	service="Timer/xTimerStartFromISR"			class="4"	status="StatusOK"/>
		<Event code="0xA5"	service="Timer/xTimerResetFromISR"			class="4"	status="StatusOK"/>
		<Event code="0xA6"	service="Timer/xTimerStopFromISR"			class="4"	status="StatusOK"/>		
		<Event code="0xA7"	service="Timer/xTimerChangePeriodFromISR"	class="4"	status="StatusOK"/>				
		<Event code="0xA8"	service="Timer/xTimerStart"					class="4"	status="StatusError"/>
		<Event code="0xA9"	service="Timer/xTimerReset"					class="4"	status="StatusError"/>
		<Event code="0xAA"	service="Timer/xTimerStop"					class="4"	status="StatusError"/>
		<Event code="0xAB"	service="Timer/xTimerChangePeriod"			class="4"	status="StatusError"/>				
		<Event code="0xAC"	service="Timer/xTimerStartFromISR"			class="4"	status="StatusError"/>
		<Event code="0xAD"	service="Timer/xTimerResetFromISR"			class="4"	status="StatusError"/>
		<Event code="0xAE"	service="Timer/xTimerStopFromISR"			class="4"	status="StatusError"/>
		<Event code="0xAF"	service="Timer/xTimerChangePeriodFromISR"	class="4"	status="StatusError"/>		
		
		<!-- "Event Group"	events -->
		<Event code="0xB0"	service="EventGroup/xEventGroupSync"				class="5"	status="StatusOK"/>
		<Event code="0xB1"	service="EventGroup/xEventGroupWaitBits"			class="5"	status="StatusOK"/>
		<Event code="0xB2"	service="EventGroup/xEventGroupClearBits"			class="5"	status="StatusOK"/>
		<Event code="0xB3"	service="EventGroup/xEventGroupClearBitsFromISR"	class="5"	status="StatusOK"/>
		<Event code="0xB4"	service="EventGroup/xEventGroupSetBits"				class="5"	status="StatusOK"/>
		<Event code="0xB5"	service="EventGroup/xEventGroupSetBitsFromISR"		class="5"	status="StatusOK"/>		
		<Event code="0xB6"	service="EventGroup/xEventGroupSync"				class="5"	status="StatusBlocks"/>	
		<Event code="0xB7"	service="EventGroup/xEventGroupWaitBits"			class="5"	status="StatusBlocks"/>		
		<Event code="0xB8"	service="EventGroup/xEventGroupSync"				class="5"	status="StatusTimeout"/>
		<Event code="0xB9"	service="EventGroup/xEventGroupWaitBits"			class="5"	status="StatusTimeout"/>		
		<Event code="0xBA"	service="EventGroup/xEventGroupSetBitsFromISR"		class="5"	status="StatusError"/>
    
    <!-- "Task Notify" events -->
    <Event code="0xC9"	service="TaskNotify/xTaskNotify"				class="3"	status="StatusOK"/>
    <Event code="0xCA"	service="TaskNotify/ulTaskNotifyTake"			class="3"	status="StatusOK"/>
    <Event code="0xCB"	service="TaskNotify/ulTaskNotifyTake"			class="3"	status="StatusBlocks"/>
    <Event code="0xCC"	service="TaskNotify/ulTaskNotifyTake"	class="3"	status="StatusTimeout"/>
    <Event code="0xCD"	service="TaskNotify/xTaskNotifyWait"				class="3"	status="StatusOK"/>
    <Event code="0xCE"	service="TaskNotify/xTaskNotifyWait"		class="3"	status="StatusBlocks"/>
    <Event code="0xCF"	service="TaskNotify/xTaskNotifyWait"				class="3"	status="StatusTimeout"/>
    <Event code="0xD0"	service="TaskNotify/xTaskNotifyFromISR"			class="3"	status="StatusOK"/>
    <Event code="0xD1"	service="TaskNotify/vTaskNotifyGiveFromISR"				class="3"	status="StatusOK"/>
	</EventCodeTable>

	<ObjectClassTable>
		<ObjectClass code="0"	name="Queue"/>
		<ObjectClass code="1"	name="Semaphore"/>
		<ObjectClass code="2"	name="Mutex"/>
		<ObjectClass code="3"	name="Task"/>
		<ObjectClass code="4"	name="Timer"/>
		<ObjectClass code="5"	name="EventGroup"/>
		<ObjectClass code="6"	name="ISR"/>
	</ObjectClassTable>
	
</CodeTables>